"","Unique_ID","Codec","Bitrate","Resolution","Packet_Loss","SSIM","VMAF","MOS","sd_OS","fair_better"
"1",1,0,1,1,0,0.971,97.2,2.866666667,0.342803332,0.866666667
"2",2,0,1,1,1,0.975,92.67,2.416666667,0.497167116,0.416666667
"3",3,0,1,1,2,0.961,65.19,2.2,0.403375587,0.2
"4",4,0,1,1,3,0.945,31.4,2,0.450987617,0.1
"5",5,0,1,1,4,0.92,30.37,1.7,0.462124791,0
"6",6,0,1,1,0,0.904,30.04,1.366666667,0.485961101,0
"7",7,0,2,1,0,0.985,94.94,3.116666667,0.323731772,1
"8",8,0,2,1,1,0.945,48.69,2.516666667,0.503939284,0.516666667
"9",9,0,2,1,2,0.937,43.93,2.4,0.494032182,0.4
"10",10,0,2,1,3,0.89,42.75,1.7,0.53042995,0.033333333
"11",11,0,2,1,4,0.884,37.86,1.6,0.527224906,0.016666667
"12",12,0,2,1,5,0.861,30.29,1.333333333,0.475382689,0
"13",13,0,0,1,0,0.985,96.06,3.116666667,0.372425247,0.983333333
"14",14,0,0,1,1,0.981,95.18,2.9,0.543061004,0.8
"15",15,0,0,1,2,0.978,94.46,2.85,0.515028385,0.783333333
"16",16,0,0,1,3,0.964,87,2.083333333,0.561223442,0.2
"17",17,0,0,1,4,0.959,32.35,2.066666667,0.482460736,0.15
"18",18,0,0,1,5,0.922,31.63,1.683333333,0.469101798,0
"19",19,0,1,0,0,0.987,98.2,4.083333333,0.561223442,1
"20",20,0,1,0,1,0.97306,83.04,3.533333333,0.769474103,1
"21",21,0,1,0,2,0.92717,75.912,3.033333333,0.317119807,0.966666667
"22",22,0,1,0,3,0.90666,59.73,2.966666667,0.551320961,0.833333333
"23",23,0,1,0,4,0.8874,58.54,2.216666667,0.490301418,0.25
"24",24,0,1,0,0,0.88612,25.69,1.516666667,0.567231357,0.033333333
"25",25,0,2,0,0,0.94442,94.67,4.233333333,0.563483917,1
"26",26,0,2,0,1,0.91292,89.31,3.6,0.558448213,1
"27",27,0,2,0,2,0.90442,73.24,2.9,0.656131446,0.733333333
"28",28,0,2,0,3,0.86943,66.37,2.65,0.480994732,0.65
"29",29,0,2,0,4,0.81258,61.23,2.466666667,0.503097749,0.466666667
"30",30,0,2,0,5,0.76829,48.22,2.066666667,0.311729276,0.083333333
"31",31,0,0,0,0,0.997,98.32,4.016666667,0.624137823,1
"32",32,0,0,0,1,0.995,97.44,3.7,0.561475055,0.983333333
"33",33,0,0,0,2,0.99124,95.67,3.5,0.504219484,1
"34",34,0,0,0,3,0.98466,94.03,3.15,0.360084736,1
"35",35,0,0,0,4,0.97447,87.97,3.133333333,0.430477333,0.966666667
"36",36,0,0,0,5,0.95926,85.66,2.883333333,0.323731772,0.883333333
"37",37,0,1,2,0,0.99041,98.48,3.25,0.436666882,1
"38",38,0,1,2,1,0.988123,97.81,3.133333333,0.430477333,0.966666667
"39",39,0,1,2,2,0.92906,62.24,2.95,0.501692052,0.85
"40",40,0,1,2,3,0.90352,60.76,2.7,0.53042995,0.733333333
"41",41,0,1,2,4,0.90034,60.18,2.633333333,0.485961101,0.633333333
"42",42,0,1,2,0,0.88437,58.05,1.933333333,0.445948491,0.066666667
"43",43,0,0,2,0,0.99291,97.26,2.616666667,0.523730642,0.6
"44",44,0,0,2,1,0.99088,96.5,2.416666667,0.59065223,0.466666667
"45",45,0,0,2,2,0.9821,93.58,1.666666667,0.475382689,0
"46",46,0,0,2,3,0.96412,89.38,1.45,0.501692052,0
"47",47,0,0,2,4,0.96256,88.74,1.316666667,0.469101798,0
"48",48,0,0,2,5,0.94627,85.16,1.166666667,0.375823014,0
"49",49,0,2,2,0,0.97171,93.81,2.583333333,0.497167116,0.583333333
"50",50,0,2,2,1,0.90976,66.13,2.183333333,0.469101798,0.216666667
"51",51,0,2,2,2,0.89397,65.21,2.1,0.543061004,0.2
"52",52,0,2,2,3,0.86306,60.35,1.316666667,0.469101798,0
"53",53,0,2,2,4,0.85311,59.46,1.25,0.473894789,0.016666667
"54",54,0,2,2,5,0.8421,57.84,1.1,0.30253169,0
"55",55,1,1,1,0,0.96886,92.61,2.15,0.360084736,0.15
"56",56,1,1,1,1,0.94618,58.64,2.033333333,0.25819889,0.05
"57",57,1,1,1,2,0.93739,54.88,1.45,0.501692052,0
"58",58,1,1,1,3,0.90655,50.69,1.166666667,0.375823014,0
"59",59,1,1,1,4,0.8869,48.29,1.166666667,0.375823014,0
"60",60,1,1,1,0,0.85977,45.68,1.2,0.403375587,0
"61",61,1,2,1,0,0.96753,90.47,2.116666667,0.454419603,0.166666667
"62",62,1,2,1,1,0.96659,89.17,2.066666667,0.578328001,0.2
"63",63,1,2,1,2,0.93354,82.72,1.466666667,0.503097749,0
"64",64,1,2,1,3,0.89813,70.59,1.2,0.403375587,0
"65",65,1,2,1,4,0.87339,27.22,1.2,0.403375587,0
"66",66,1,2,1,5,0.80862,23.75,1.033333333,0.181020335,0
"67",67,1,0,1,0,0.99029,96.53,2.816666667,0.390204929,0.816666667
"68",68,1,0,1,1,0.97517,95.32,2.333333333,0.475382689,0.333333333
"69",69,1,0,1,2,0.9227,82.59,1.5,0.504219484,0
"70",70,1,0,1,3,0.91396,40.18,1.266666667,0.445948491,0
"71",71,1,0,1,4,0.90515,38.44,1.15,0.40442468,0.016666667
"72",72,1,0,1,5,0.88146,37.19,1.1,0.30253169,0
"73",73,1,1,0,0,0.96452,63.37,3.233333333,0.426521868,1
"74",74,1,1,0,1,0.93799,60.75,3.116666667,0.454419603,0.95
"75",75,1,1,0,2,0.91834,58.89,2.7,0.49745113,0.683333333
"76",76,1,1,0,3,0.87363,53.67,1.933333333,0.445948491,0.066666667
"77",77,1,1,0,4,0.85253,51.5,1.733333333,0.578328001,0.066666667
"78",78,1,1,0,0,0.7718,24.26,1.416666667,0.530163603,0.016666667
"79",79,1,2,0,0,0.92134,88.83,2.533333333,0.535729082,0.55
"80",80,1,2,0,1,0.91934,80.03,2.416666667,0.561223442,0.45
"81",81,1,2,0,2,0.90156,75.86,2.066666667,0.634239613,0.233333333
"82",82,1,2,0,3,0.76035,69.47,1.45,0.565235814,0.033333333
"83",83,1,2,0,4,0.75393,58.58,1.266666667,0.445948491,0
"84",84,1,2,0,5,0.73362,46.53,1.233333333,0.426521868,0
"85",85,1,0,0,0,0.98671,95.89,3.05,0.286711335,0.983333333
"86",86,1,0,0,1,0.97795,95.17,3.1,0.602255647,0.866666667
"87",87,1,0,0,2,0.86427,44,2.433333333,0.620734029,0.5
"88",88,1,0,0,3,0.889,21.36,1.8,0.514204998,0.05
"89",89,1,0,0,4,0.83725,21.09,1.466666667,0.503097749,0
"90",90,1,0,0,5,0.80873,19.6,1.333333333,0.475382689,0
"91",91,1,1,2,0,0.98425,95.51,3.2,0.403375587,1
"92",92,1,1,2,1,0.98106,95.68,3,0.450987617,0.9
"93",93,1,1,2,2,0.91927,62.12,2.583333333,0.530163603,0.6
"94",94,1,1,2,3,0.86211,58.88,1.833333333,0.45720843,0.033333333
"95",95,1,1,2,4,0.85503,58.47,1.7,0.590891312,0.066666667
"96",96,1,1,2,0,0.83583,57.68,1.4,0.494032182,0
"97",97,1,2,2,0,0.9792,94.23,2.966666667,0.366692346,0.916666667
"98",98,1,2,2,1,0.9619,93.44,2.533333333,0.503097749,0.533333333
"99",99,1,2,2,2,0.95668,89.27,2.416666667,0.497167116,0.416666667
"100",100,1,2,2,3,0.89845,82.91,2.1,0.399151643,0.133333333
"101",101,1,2,2,4,0.82904,70.27,1.4,0.494032182,0
"102",102,1,2,2,5,0.76388,57.15,1.066666667,0.251548874,0
"103",103,1,0,2,0,0.99147,98.39,3.633333333,0.609714206,1
"104",104,1,0,2,1,0.96611,91.16,2.7,0.462124791,0.7
"105",105,1,0,2,2,0.96294,91.75,2.516666667,0.536519438,0.533333333
"106",106,1,0,2,3,0.94174,87.97,2.016666667,0.596363746,0.183333333
"107",107,1,0,2,4,0.93215,85.88,1.916666667,0.497167116,0.083333333
"108",108,1,0,2,5,0.85315,62.42,1.466666667,0.503097749,0
"109",109,0,1,1,0,0.98987,92.63,3.4,0.527224906,1
"110",110,0,1,1,1,0.98192,90.67,3.166666667,0.375823014,1
"111",111,0,1,1,2,0.95061,86.5,2.5,0.504219484,0.5
"112",112,0,1,1,3,0.89355,74.45,2.116666667,0.372425247,0.133333333
"113",113,0,1,1,4,0.85208,61.37,1.766666667,0.426521868,0
"114",114,0,1,1,0,0.79548,60.48,1.133333333,0.342803332,0
"115",115,0,2,1,0,0.96346,83,3,0.368229847,0.933333333
"116",116,0,2,1,1,0.89227,81.97,2.2,0.514204998,0.25
"117",117,0,2,1,2,0.86285,80.75,2.383333333,0.490301418,0.383333333
"118",118,0,2,1,3,0.84357,70.79,1.483333333,0.503939284,0
"119",119,0,2,1,4,0.78489,56.36,1.733333333,0.482460736,0.016666667
"120",120,0,2,1,5,0.72026,29.16,1.116666667,0.323731772,0
"121",121,0,0,1,0,0.97823,80,3.316666667,NA,1
"122",122,0,0,1,1,0.97394,79.71,3.033333333,0.485961101,0.9
"123",123,0,0,1,2,0.95164,78.95,2.816666667,0.536519438,0.75
"124",124,0,0,1,3,0.91166,68.51,2.083333333,0.334038801,0.1
"125",125,0,0,1,4,0.90655,55.39,1.606557377,0.58534003,0.033333333
"126",126,0,0,1,5,0.89197,29.08,1.35,0.480994732,0
"127",127,0,1,0,0,0.9865,94.46,3.8,0.546173127,1
"128",128,0,1,0,1,0.97284,91.93,3.566666667,0.673132487,1
"129",129,0,1,0,2,0.96181,90.04,3.216666667,0.415450202,1
"130",130,0,1,0,3,0.93882,84.26,3.1,0.439568355,0.95
"131",131,0,1,0,4,0.90082,75.97,2.85,0.40442468,0.833333333
"132",132,0,1,0,0,0.89291,74.3,2.766666667,0.426521868,0.766666667
"133",133,0,2,0,0,0.9779,91.4,3.783333333,0.454419603,1
"134",134,0,2,0,1,0.9769,91.34,3.45,0.501692052,1
"135",135,0,2,0,2,0.96151,85.73,3.266666667,0.445948491,1
"136",136,0,2,0,3,0.92171,76.86,2.616666667,0.490301418,0.616666667
"137",137,0,2,0,4,0.91934,75.81,2.5,0.504219484,0.5
"138",138,0,2,0,5,0.88114,70.82,2.066666667,0.548238061,0.183333333
"139",139,0,0,0,0,0.9948,96.13,4.666666667,0.542019659,1
"140",140,0,0,0,1,0.98578,95.17,4.133333333,0.595652801,1
"141",141,0,0,0,2,0.97956,93.68,3.216666667,0.415450202,1
"142",142,0,0,0,3,0.97044,89.52,3.133333333,0.342803332,1
"143",143,0,0,0,4,0.96191,87.2,2.95,0.219784178,0.95
"144",144,0,0,0,5,0.92211,79.94,2.783333333,0.415450202,0.783333333
"145",145,0,1,2,0,0.99275,96.81,4.216666667,0.523730642,1
"146",146,0,1,2,1,0.99201,96.67,4.15,0.360084736,1
"147",147,0,1,2,2,0.96438,86.3,3.616666667,0.523730642,1
"148",148,0,1,2,3,0.94261,81.03,3.15,0.480994732,0.95
"149",149,0,1,2,4,0.92064,75.38,2.866666667,0.535729082,0.783333333
"150",150,0,1,2,0,0.88676,67.11,2.65,0.480994732,0.65
"151",151,0,2,2,0,0.9795,93.02,3.633333333,0.581251329,1
"152",152,0,2,2,1,0.97118,92.23,3.4,0.494032182,1
"153",153,0,2,2,2,0.96392,89.45,3.3,0.462124791,1
"154",154,0,2,2,3,0.9274,78.79,3.116666667,0.323731772,1
"155",155,0,2,2,4,0.87294,68.25,2.566666667,0.499717434,0.566666667
"156",156,0,2,2,5,0.85721,64.25,2.3,0.49745113,0.316666667
"157",157,0,0,2,0,0.99509,97.87,4.133333333,0.430477333,1
"158",158,0,0,2,1,0.98883,94.41,4.116666667,0.584884942,1
"159",159,0,0,2,2,0.98372,92.66,3.916666667,0.671241366,1
"160",160,0,0,2,3,0.96539,84.83,3.683333333,0.567231357,1
"161",161,0,0,2,4,0.94933,80.17,2.7,0.462124791,0.7
"162",162,0,0,2,5,0.9406,79.86,2.216666667,0.415450202,0.216666667
"163",163,1,1,1,0,0.93862,88.55,1.9,0.399151643,0.033333333
"164",164,1,1,1,1,0.92548,87.41,1.833333333,0.375823014,0
"165",165,1,1,1,2,0.85211,81.45,1.5,0.504219484,0
"166",166,1,1,1,3,0.80773,78.56,1.333333333,0.475382689,0
"167",167,1,1,1,4,0.75088,59.47,1.133333333,0.342803332,0
"168",168,1,1,1,0,0.71025,50.51,1.066666667,0.251548874,0
"169",169,1,2,1,0,0.8656,74.11,1.75,0.436666882,0
"170",170,1,2,1,1,0.85076,75.49,1.583333333,0.497167116,0
"171",171,1,2,1,2,0.77768,66.05,1.75,0.436666882,0
"172",172,1,2,1,3,0.7435,52.84,1.2,0.403375587,0
"173",173,1,2,1,4,0.68228,40.11,1.033333333,0.181020335,0
"174",174,1,2,1,5,0.66799,34.61,1.05,0.219784178,0
"175",175,1,0,1,0,0.96945,90.95,2.4,0.494032182,0.4
"176",176,1,0,1,1,0.96163,82.23,2.2,0.403375587,0.2
"177",177,1,0,1,2,0.92416,75.59,1.566666667,0.532555931,0.016666667
"178",178,1,0,1,3,0.89705,67.74,1.2,0.403375587,0
"179",179,1,0,1,4,0.87718,62.94,1.25,0.436666882,0
"180",180,1,0,1,5,0.8266,56.06,1.2,0.403375587,0
"181",181,1,1,0,0,0.96109,88.26,2.366666667,0.519669604,0.383333333
"182",182,1,1,0,1,0.91792,82.47,2,0.552344771,0.15
"183",183,1,1,0,2,0.87351,74.41,1.433333333,0.499717434,0
"184",184,1,1,0,3,0.82127,64.18,1.316666667,0.469101798,0
"185",185,1,1,0,4,0.77005,53.65,1.083333333,0.278717807,0
"186",186,1,1,0,0,0.75114,45.25,1.016666667,0.129099445,0
"187",187,1,2,0,0,0.87536,71.34,1.283333333,0.454419603,0
"188",188,1,2,0,1,0.85693,67.93,1.2,0.403375587,0
"189",189,1,2,0,2,0.80488,59.95,1.216666667,0.454419603,0.016666667
"190",190,1,2,0,3,0.78704,55.75,1.25,0.473894789,0.016666667
"191",191,1,2,0,4,0.74042,46.76,1,0,0
"192",192,1,2,0,5,0.66205,27.97,1,0,0
"193",193,1,0,0,0,0.98539,93.05,2.733333333,0.578328001,0.666666667
"194",194,1,0,0,1,0.9648,86.03,2.616666667,0.490301418,0.616666667
"195",195,1,0,0,2,0.9494,85.28,2.4,0.588015911,0.45
"196",196,1,0,0,3,0.90058,75.7,1.816666667,0.650727537,0.133333333
"197",197,1,0,0,4,0.87314,68.73,1.283333333,0.454419603,0
"198",198,1,0,0,5,0.80869,55.77,1.15,0.40442468,0.016666667
"199",199,1,1,2,0,0.9853,94.58,3.533333333,0.535729082,1
"200",200,1,1,2,1,0.98064,94.93,3.3,0.49745113,0.983333333
"201",201,1,1,2,2,0.94534,85.54,2.466666667,0.535729082,0.483333333
"202",202,1,1,2,3,0.88519,72.43,1.683333333,0.567231357,0.05
"203",203,1,1,2,4,0.84382,63.66,1.466666667,0.566483852,0.033333333
"204",204,1,1,2,0,0.84109,62.14,1.483333333,0.503939284,0
"205",205,1,2,2,0,0.93795,84.78,2.466666667,0.503097749,0.466666667
"206",206,1,2,2,1,0.93641,85.55,2.233333333,0.620734029,0.333333333
"207",207,1,2,2,2,0.91862,79.47,2.066666667,0.634239613,0.233333333
"208",208,1,2,2,3,0.86683,68.49,1.566666667,0.563483917,0.033333333
"209",209,1,2,2,4,0.77712,58.92,1.3,0.462124791,0
"210",210,1,2,2,5,0.72645,52.38,1,0,0
"211",211,1,0,2,0,0.9734,92.31,3.3,0.49745113,0.983333333
"212",212,1,0,2,1,0.96863,93.45,2.766666667,0.426521868,0.766666667
"213",213,1,0,2,3,0.92849,80.32,2.35,0.605763281,0.416666667
"214",214,1,0,2,4,0.88352,75.37,1.5,0.536782631,0.016666667
"215",215,1,0,2,5,0.84959,63.86,1.4,0.494032182,0
"216",216,0,1,1,0,0.95379,94.8,3.083333333,0.278717807,1
"217",217,0,1,1,1,0.94281,94.34,2.9,0.30253169,0.9
"218",218,0,1,1,2,0.8728,67.8,2.433333333,0.499717434,0.433333333
"219",219,0,1,1,3,0.76276,60.55,1.8,0.546173127,0.066666667
"220",220,0,1,1,0,0.71614,37.7,1.016666667,0.129099445,0
"221",221,0,2,1,0,0.95086,85.07,2.5,0.504219484,0.5
"222",222,0,2,1,1,0.90291,64.57,2.266666667,0.445948491,0.266666667
"223",223,0,2,1,2,0.90818,56.18,1.566666667,0.499717434,0
"224",224,0,2,1,3,0.8326,44.95,1.35,0.480994732,0
"225",225,0,2,1,4,0.78911,35.52,1.066666667,0.251548874,0
"226",226,0,2,1,5,0.63422,27.78,1,0,0
"227",227,0,0,1,0,0.98321,94.7,2.833333333,0.375823014,0.833333333
"228",228,0,0,1,1,0.97187,91.09,2.85,0.360084736,0.85
"229",229,0,0,1,2,0.90168,60.02,2.25,0.436666882,0.25
"230",230,0,0,1,3,0.85814,67.54,1.866666667,0.342803332,0
"231",231,0,0,1,4,0.83544,53.09,1.683333333,0.469101798,0
"232",232,0,0,1,5,0.81544,43.01,1.283333333,0.454419603,0
"233",233,0,1,0,0,0.97902,92.79,3.216666667,0.490301418,0.966666667
"234",234,0,1,0,1,0.97857,92.24,3.133333333,0.430477333,0.966666667
"235",235,0,1,0,2,0.93132,81.86,2.333333333,0.542019659,0.366666667
"236",236,0,1,0,3,0.87826,67.29,2,0.4871223,0.116666667
"237",237,0,1,0,4,0.8491,60.19,1.666666667,0.628872186,0.083333333
"238",238,0,1,0,0,0.78579,51.88,1.016666667,0.129099445,0
"239",239,0,2,0,0,0.97331,90.11,3.233333333,0.426521868,1
"240",240,0,2,0,1,0.97143,89.05,3.266666667,0.445948491,1
"241",241,0,2,0,2,0.89359,68.43,2.133333333,0.535729082,0.216666667
"242",242,0,2,0,3,0.86457,62.08,1.95,0.387298335,0.05
"243",243,0,2,0,4,0.74021,35.07,1.433333333,0.499717434,0
"244",244,0,2,0,5,0.71766,37.49,1.016666667,0.129099445,0
"245",245,0,0,0,0,0.97591,92.45,3.566666667,0.563483917,1
"246",246,0,0,0,1,0.97512,92.27,3.216666667,0.415450202,1
"247",247,0,0,0,2,0.93523,82.18,2.916666667,0.381418702,0.883333333
"248",248,0,0,0,3,0.89957,72.47,2.333333333,0.680644427,0.45
"249",249,0,0,0,4,0.87281,64.61,1.766666667,0.464563461,0.016666667
"250",250,0,0,0,5,0.74698,38.83,1.266666667,0.445948491,0
"251",251,0,1,2,0,0.9736,94.05,2.983333333,0.503939284,0.866666667
"252",252,0,1,2,1,0.9686,93.57,2.733333333,0.482460736,0.716666667
"253",253,0,1,2,2,0.94788,89.69,2.583333333,0.497167116,0.583333333
"254",254,0,1,2,3,0.85574,70.13,1.533333333,0.566483852,0.033333333
"255",255,0,1,2,4,0.81989,64.87,1.3,0.462124791,0
"256",256,0,1,2,0,0.79515,61.63,1,0,0
"257",257,0,2,2,0,0.93144,87.1,2.25,0.571201529,0.316666667
"258",258,0,2,2,1,0.89557,78.78,1.95,0.428833657,0.066666667
"259",259,0,2,2,2,0.85137,71.76,1.566666667,0.499717434,0
"260",260,0,2,2,3,0.7918,63.47,1.133333333,0.342803332,0
"261",261,0,2,2,4,0.72856,55.68,1.033333333,0.181020335,0
"262",262,0,2,2,5,0.67486,50.27,1,0,0
"263",263,0,0,2,0,0.98737,96.81,3.233333333,0.532555931,1
"264",264,0,0,2,1,0.98175,95.23,3.05,0.340736988,0.966666667
"265",265,0,0,2,2,0.95773,90.31,2.533333333,0.535729082,0.516666667
"266",266,0,0,2,3,0.93774,85.59,2.066666667,0.578328001,0.2
"267",267,0,0,2,4,0.91764,81.73,1.6,0.494032182,0
"268",268,0,0,2,5,0.86424,75.95,1,0,0
"269",269,1,1,1,0,0.90205,82.75,1.4,0.494032182,0
"270",270,1,1,1,1,0.87536,81.68,1.166666667,0.375823014,0
"271",271,1,1,1,2,0.83367,65.53,1.166666667,0.375823014,0
"272",272,1,1,1,3,0.7678,35.97,1.133333333,0.342803332,0
"273",273,1,1,1,4,0.66766,40.64,1.1,0.30253169,0
"274",274,1,1,1,0,0.61861,33.2,1.05,0.219784178,0
"275",275,1,2,1,0,0.89552,79.46,1.633333333,0.485961101,0
"276",276,1,2,1,1,0.8398,70.2,1.5,0.504219484,0
"277",277,1,2,1,2,0.77202,64.58,1.333333333,0.475382689,0
"278",278,1,2,1,3,0.66274,45.58,1.4,0.494032182,0
"279",279,1,2,1,4,0.62791,39.47,1.016666667,0.129099445,0
"280",280,1,2,1,5,0.56032,28.6,1.016666667,0.129099445,0
"281",281,1,0,1,0,0.97891,79.25,2.35,0.480994732,0.35
"282",282,1,0,1,1,0.95646,78.74,2.15,0.360084736,0.15
"283",283,1,0,1,2,0.89561,30.97,1.783333333,0.415450202,0
"284",284,1,0,1,3,0.80395,19.31,1.566666667,0.499717434,0
"285",285,1,1,0,0,0.91164,81.33,2.033333333,0.485961101,0
"286",286,1,1,0,1,0.86772,71.3,1.766666667,0.563483917,0
"287",287,1,1,0,2,0.80478,54.12,1.4,0.527224906,0.133333333
"288",288,1,1,0,3,0.68842,42.32,1.1,0.30253169,0.066666667
"289",289,1,1,0,4,0.64554,29.78,1.15,0.360084736,0.016666667
"290",290,1,1,0,0,0.57718,25.25,1.016666667,0.129099445,0
"291",291,1,2,0,0,0.86652,56.69,1.816666667,0.567231357,0
"292",292,1,2,0,2,0.74373,53.06,1.316666667,0.503939284,0
"293",293,1,2,0,3,0.68376,44.18,1.183333333,0.390204929,0.083333333
"294",294,1,2,0,4,0.62924,36.64,1.05,0.219784178,0.016666667
"295",295,1,2,0,5,0.53176,30.15,1,0,0
"296",296,1,0,0,0,0.9554,90.09,2.4,0.558448213,0
"297",297,1,0,0,1,0.9482,89.11,2.066666667,0.445948491,0
"298",298,1,0,0,2,0.93956,87.02,2.033333333,0.581251329,0.433333333
"299",299,1,0,0,3,0.85364,59.67,1.766666667,0.499717434,0.133333333
"300",300,1,0,0,4,0.75063,54.16,1.333333333,0.475382689,0.183333333
"301",301,1,0,0,5,0.65942,30.89,1,0,0.033333333
"302",302,1,1,2,0,0.95058,93.54,2.25,0.473894789,0
"303",303,1,1,2,1,0.92875,87.35,1.816666667,0.469101798,0
"304",304,1,1,2,2,0.89609,83.64,1.7,0.462124791,0.266666667
"305",305,1,1,2,3,0.841,72.02,1.733333333,0.445948491,0.033333333
"306",306,1,1,2,4,0.71219,54.38,1.166666667,0.375823014,0
"307",307,1,1,2,0,0.63462,60.15,1,0,0
"308",308,1,2,2,0,0.90255,85.84,1.866666667,0.503097749,0
"309",309,1,2,2,2,0.83531,82.01,1.283333333,0.454419603,0
"310",310,1,2,2,3,0.73415,63.56,1.033333333,0.181020335,0.066666667
"311",311,1,0,2,0,0.96382,93.87,2.483333333,0.536519438,0
"312",312,1,0,2,1,0.9417,90.3,2.116666667,0.490301418,0
"313",313,1,0,2,2,0.93025,86.44,2.066666667,0.516397779,0
"314",314,1,0,2,3,0.88825,78.74,1.833333333,0.52615222,0
"315",315,1,0,2,4,0.85816,76.53,1.366666667,0.485961101,0.5
"316",316,1,0,2,5,0.84527,75.45,1,0,0.183333333
"317",317,0,1,1,0,0.95553,95.85,3.666666667,0.751646028,0.166666667
"318",318,0,1,1,1,0.91183,90.33,3.116666667,0.323731772,0.066666667
"319",319,0,1,1,2,0.85983,81.5,2.783333333,0.523730642,0
"320",320,0,1,1,3,0.76276,71.66,1.45,0.501692052,0
"321",321,0,1,1,4,0.72527,23.82,1.3,0.462124791,1
"322",322,0,1,1,0,0.71614,16.54,1.15,0.360084736,1
"323",323,0,2,1,0,0.94954,93.25,2.916666667,0.461819051,0.733333333
"324",324,0,2,1,1,0.83585,80.97,2.266666667,0.445948491,0
"325",325,0,2,1,2,0.77539,75.58,1.95,0.534409226,0
"326",326,0,2,1,3,0.76105,54.38,1.666666667,0.475382689,0
"327",327,0,2,1,4,0.73508,45.82,1.033333333,0.181020335,0.85
"328",328,0,2,1,5,0.69923,18.4,1.033333333,0.181020335,0.266666667
"329",329,0,0,1,0,0.97979,92.42,2.35,0.480994732,0.116666667
"330",330,0,0,1,1,0.94281,89.52,1.916666667,0.423531027,0
"331",331,0,0,1,2,0.8928,82.33,1.566666667,0.499717434,0
"332",332,0,0,1,3,0.78046,55.53,1.316666667,0.469101798,0
"333",333,0,0,1,4,0.76148,48.47,1.133333333,0.342803332,0.35
"334",334,0,0,1,5,0.72112,23.09,1.033333333,0.181020335,0.05
"335",335,0,1,0,0,0.93452,89.96,3.783333333,0.613179175,0
"336",336,0,1,0,1,0.89953,86.02,3.583333333,0.497167116,0
"337",337,0,1,0,2,0.75062,58.45,3.016666667,0.503939284,0
"338",338,0,1,0,3,0.67543,54.87,2.983333333,0.469101798,0
"339",339,0,1,0,4,0.61899,46.03,2.3,0.645716,1
"340",340,0,1,0,0,0.60199,46.07,2.15,0.444362045,1
"341",341,0,2,0,0,0.92667,87.77,3.583333333,0.497167116,0.883333333
"342",342,0,2,0,1,0.88735,84.07,3.233333333,0.426521868,0.883333333
"343",343,0,2,0,2,0.74334,41.63,2.866666667,0.389117501,0.4
"344",344,0,2,0,3,0.71401,35.71,2.55,0.534409226,0.183333333
"345",345,0,2,0,4,0.60417,33.84,2.066666667,0.516397779,1
"346",346,0,2,0,5,0.59096,31.71,1.966666667,0.485961101,1
"347",347,0,0,0,0,0.9463,89.64,3.75,0.600141226,0.85
"348",348,0,0,0,1,0.9416,90.45,3.733333333,0.445948491,0.566666667
"349",349,0,0,0,2,0.81954,77.25,2.783333333,0.415450202,0.166666667
"350",350,0,0,0,3,0.73221,55.6,2.833333333,0.375823014,0.1
"351",351,0,0,0,4,0.62468,47.73,2.583333333,0.497167116,1
"352",352,0,0,0,5,0.61991,27.06,2.3,0.53042995,1
"353",353,0,1,2,0,0.92561,89.03,3.2,0.403375587,0.783333333
"354",354,0,1,2,1,0.91861,89.09,3.233333333,0.563483917,0.833333333
"355",355,0,1,2,2,0.85548,80,2.066666667,0.685606664,0.583333333
"356",356,0,1,2,3,0.77068,68.19,1.466666667,0.503097749,0.333333333
"357",357,0,1,2,4,0.71785,44.44,1.266666667,0.445948491,1
"358",358,0,1,2,0,0.66128,44.55,1,0,0.933333333
"359",359,0,2,2,0,0.91146,88.79,2.416666667,0.497167116,0.266666667
"360",360,0,2,2,1,0.9065,88.21,2.366666667,0.485961101,0
"361",361,0,2,2,2,0.84322,82.04,1.9,0.602255647,0
"362",362,0,2,2,3,0.7487,70.54,1.466666667,0.535729082,0
"363",363,0,2,2,4,0.59582,65.96,1.233333333,0.426521868,0.416666667
"364",364,0,2,2,5,0.5602,59.65,1.05,0.219784178,0.366666667
"365",365,0,0,2,0,0.96528,95.31,3.1,0.30253169,0.133333333
"366",366,0,0,2,1,0.95121,94.85,2.866666667,0.342803332,0.016666667
"367",367,0,0,2,2,0.92114,89.02,2.416666667,0.561223442,0
"368",368,0,0,2,3,0.89833,85.95,1.916666667,0.59065223,0
"369",369,0,0,2,4,0.85892,80.67,1.65,0.546948391,1
"370",370,0,0,2,5,0.81596,73.58,1.583333333,0.497167116,0.866666667
"371",371,1,1,1,0,0.91224,87.61,1.933333333,0.406167147,0.45
"372",372,1,1,1,1,0.86164,37.95,1.766666667,0.426521868,0.133333333
"373",373,1,1,1,2,0.83038,36.04,1.466666667,0.503097749,0.033333333
"374",374,1,1,1,3,0.74212,27.28,1.2,0.403375587,0
"375",375,1,1,1,4,0.64277,25.7,1.133333333,0.342803332,0.05
"376",376,1,1,1,0,0.58414,20.34,1.083333333,0.278717807,0
"377",377,1,2,1,0,0.85347,78.55,1.816666667,0.469101798,0
"378",378,1,2,1,1,0.84003,78.01,1.866666667,0.46819765,0
"379",379,1,2,1,2,0.77818,67.95,1.5,0.504219484,0
"380",380,1,2,1,3,0.63769,21.39,1.166666667,0.375823014,0
"381",381,1,2,1,4,0.58651,16.19,1.066666667,0.251548874,0.033333333
"382",382,1,2,1,5,0.52423,11.96,1,0,0.05
"383",383,1,0,1,0,0.92978,91.05,2.633333333,0.485961101,0
"384",384,1,0,1,1,0.88117,90.36,2.333333333,0.475382689,0
"385",385,1,0,1,2,0.88579,74.89,1.833333333,0.375823014,0
"386",386,1,0,1,3,0.81189,62.57,1.55,0.501692052,0
"387",387,1,0,1,4,0.70928,40.79,1.133333333,0.342803332,0.633333333
"388",388,1,0,1,5,0.63819,36.03,1.066666667,0.251548874,0.333333333
"389",389,1,1,0,0,0.92668,89.56,2.083333333,0.423531027,0
"390",390,1,1,0,1,0.78855,79.82,2.033333333,0.485961101,0
"391",391,1,1,0,2,0.70032,39.29,1.666666667,0.628872186,0
"392",392,1,1,0,3,0.62459,30.42,1.5,0.504219484,0
"393",393,1,1,0,4,0.39493,24.58,1.05,0.219784178,0.133333333
"394",394,1,1,0,0,0.33301,18.32,1.05,0.219784178,0.133333333
"395",395,1,2,0,0,0.90735,84.11,2.283333333,0.584884942,0.083333333
"396",396,1,2,0,1,0.8055,69.1,2.066666667,0.516397779,0
"397",397,1,2,0,2,0.56544,39.08,1.366666667,0.485961101,0
"398",398,1,2,0,3,0.4768,30.34,1.233333333,0.426521868,0
"399",399,1,2,0,4,0.37591,23.55,1.066666667,0.251548874,0.35
"400",400,1,2,0,5,0.31447,18.19,1,0,0.166666667
"401",401,1,0,0,0,0.93915,91.58,2.366666667,0.581251329,0
"402",402,1,0,0,1,0.92906,90.01,2.333333333,0.542019659,0
"403",403,1,0,0,2,0.85686,77.61,2.25,0.540715157,0
"404",404,1,0,0,3,0.73221,65.06,1.583333333,0.530163603,0
"405",405,1,0,0,4,0.55534,40.07,1.266666667,0.445948491,0.416666667
"406",406,1,0,0,5,0.34578,20.07,1,0,0.366666667
"407",407,1,1,2,0,0.89777,89.07,2.466666667,0.503097749,0.3
"408",408,1,1,2,1,0.89419,88.46,2.45,0.534409226,0.016666667
"409",409,1,1,2,2,0.84844,82.67,1.9,0.629769934,0
"410",410,1,1,2,3,0.75182,72.24,1.466666667,0.503097749,0
"411",411,1,1,2,4,0.62396,59,1.049180328,0.21803895,0.466666667
"412",412,1,1,2,0,0.59166,55.35,1.033333333,0.181020335,0.466666667
"413",413,1,2,2,0,0.83729,85.11,2.45,0.501692052,0.15
"414",414,1,2,2,1,0.76016,77.58,2.216666667,0.454419603,0
"415",415,1,2,2,2,0.71494,53.08,1.8,0.443407453,0
"416",416,1,2,2,3,0.47204,34.33,1.2,0.403375587,0
"417",417,1,2,2,4,0.42121,34.33,1.033333333,0.181020335,0.45
"418",418,1,2,2,5,0.36162,26.47,1.033333333,0.181020335,0.233333333
"419",419,1,0,2,0,0.91172,89.97,2.816666667,0.503939284,0.016666667
"420",420,1,0,2,1,0.90998,89.8,2.466666667,0.503097749,0
"421",421,1,0,2,2,0.86665,85.03,2.366666667,0.551320961,0
"422",422,1,0,2,3,0.72004,71.95,2.05,0.387298335,0
"423",423,1,0,2,4,0.65369,63.59,1.666666667,0.542019659,0.766666667
"424",424,1,0,2,5,0.63888,59.72,1.1,0.30253169,0.466666667
