"","Unique_ID","Game","Game.Quality","Player.Quality","SI","TI","Opinion"
"1",1,0,0,0,1.36013193091999,1.02861363185956,1
"2",1,0,0,0,1.36013193091999,1.02861363185956,1
"3",1,0,0,0,1.36013193091999,1.02861363185956,2
"4",1,0,0,0,1.36013193091999,1.02861363185956,2
"5",1,0,0,0,1.36013193091999,1.02861363185956,1
"6",1,0,0,0,1.36013193091999,1.02861363185956,2
"7",1,0,0,0,1.36013193091999,1.02861363185956,2
"8",1,0,0,0,1.36013193091999,1.02861363185956,2
"9",1,0,0,0,1.36013193091999,1.02861363185956,2
"10",1,0,0,0,1.36013193091999,1.02861363185956,1
"11",1,0,0,0,1.36013193091999,1.02861363185956,2
"12",1,0,0,0,1.36013193091999,1.02861363185956,2
"13",1,0,0,0,1.36013193091999,1.02861363185956,2
"14",1,0,0,0,1.36013193091999,1.02861363185956,2
"15",1,0,0,0,1.36013193091999,1.02861363185956,2
"16",1,0,0,0,1.36013193091999,1.02861363185956,1
"17",1,0,0,0,1.36013193091999,1.02861363185956,2
"18",1,0,0,0,1.36013193091999,1.02861363185956,2
"19",1,0,0,0,1.36013193091999,1.02861363185956,2
"20",1,0,0,0,1.36013193091999,1.02861363185956,2
"21",1,0,0,0,1.36013193091999,1.02861363185956,1
"22",1,0,0,0,1.36013193091999,1.02861363185956,2
"23",1,0,0,0,1.36013193091999,1.02861363185956,1
"24",1,0,0,0,1.36013193091999,1.02861363185956,2
"25",1,0,0,0,1.36013193091999,1.02861363185956,2
"26",1,0,0,0,1.36013193091999,1.02861363185956,1
"27",1,0,0,0,1.36013193091999,1.02861363185956,1
"28",1,0,0,0,1.36013193091999,1.02861363185956,1
"29",1,0,0,0,1.36013193091999,1.02861363185956,2
"30",1,0,0,0,1.36013193091999,1.02861363185956,1
"31",2,0,0,1,1.36013193091999,1.02861363185956,1
"32",2,0,0,1,1.36013193091999,1.02861363185956,1
"33",2,0,0,1,1.36013193091999,1.02861363185956,2
"34",2,0,0,1,1.36013193091999,1.02861363185956,2
"35",2,0,0,1,1.36013193091999,1.02861363185956,1
"36",2,0,0,1,1.36013193091999,1.02861363185956,2
"37",2,0,0,1,1.36013193091999,1.02861363185956,1
"38",2,0,0,1,1.36013193091999,1.02861363185956,2
"39",2,0,0,1,1.36013193091999,1.02861363185956,2
"40",2,0,0,1,1.36013193091999,1.02861363185956,1
"41",2,0,0,1,1.36013193091999,1.02861363185956,3
"42",2,0,0,1,1.36013193091999,1.02861363185956,1
"43",2,0,0,1,1.36013193091999,1.02861363185956,1
"44",2,0,0,1,1.36013193091999,1.02861363185956,2
"45",2,0,0,1,1.36013193091999,1.02861363185956,2
"46",2,0,0,1,1.36013193091999,1.02861363185956,1
"47",2,0,0,1,1.36013193091999,1.02861363185956,1
"48",2,0,0,1,1.36013193091999,1.02861363185956,2
"49",2,0,0,1,1.36013193091999,1.02861363185956,1
"50",2,0,0,1,1.36013193091999,1.02861363185956,1
"51",2,0,0,1,1.36013193091999,1.02861363185956,1
"52",2,0,0,1,1.36013193091999,1.02861363185956,1
"53",2,0,0,1,1.36013193091999,1.02861363185956,1
"54",2,0,0,1,1.36013193091999,1.02861363185956,2
"55",2,0,0,1,1.36013193091999,1.02861363185956,2
"56",2,0,0,1,1.36013193091999,1.02861363185956,1
"57",2,0,0,1,1.36013193091999,1.02861363185956,2
"58",2,0,0,1,1.36013193091999,1.02861363185956,1
"59",2,0,0,1,1.36013193091999,1.02861363185956,1
"60",2,0,0,1,1.36013193091999,1.02861363185956,1
"61",3,0,0,2,1.36013193091999,1.02861363185956,1
"62",3,0,0,2,1.36013193091999,1.02861363185956,1
"63",3,0,0,2,1.36013193091999,1.02861363185956,2
"64",3,0,0,2,1.36013193091999,1.02861363185956,2
"65",3,0,0,2,1.36013193091999,1.02861363185956,1
"66",3,0,0,2,1.36013193091999,1.02861363185956,4
"67",3,0,0,2,1.36013193091999,1.02861363185956,1
"68",3,0,0,2,1.36013193091999,1.02861363185956,2
"69",3,0,0,2,1.36013193091999,1.02861363185956,2
"70",3,0,0,2,1.36013193091999,1.02861363185956,1
"71",3,0,0,2,1.36013193091999,1.02861363185956,2
"72",3,0,0,2,1.36013193091999,1.02861363185956,1
"73",3,0,0,2,1.36013193091999,1.02861363185956,1
"74",3,0,0,2,1.36013193091999,1.02861363185956,2
"75",3,0,0,2,1.36013193091999,1.02861363185956,1
"76",3,0,0,2,1.36013193091999,1.02861363185956,1
"77",3,0,0,2,1.36013193091999,1.02861363185956,2
"78",3,0,0,2,1.36013193091999,1.02861363185956,2
"79",3,0,0,2,1.36013193091999,1.02861363185956,1
"80",3,0,0,2,1.36013193091999,1.02861363185956,2
"81",3,0,0,2,1.36013193091999,1.02861363185956,1
"82",3,0,0,2,1.36013193091999,1.02861363185956,1
"83",3,0,0,2,1.36013193091999,1.02861363185956,1
"84",3,0,0,2,1.36013193091999,1.02861363185956,2
"85",3,0,0,2,1.36013193091999,1.02861363185956,2
"86",3,0,0,2,1.36013193091999,1.02861363185956,1
"87",3,0,0,2,1.36013193091999,1.02861363185956,1
"88",3,0,0,2,1.36013193091999,1.02861363185956,1
"89",3,0,0,2,1.36013193091999,1.02861363185956,2
"90",3,0,0,2,1.36013193091999,1.02861363185956,3
"91",4,0,1,0,1.36013193091999,1.02861363185956,2
"92",4,0,1,0,1.36013193091999,1.02861363185956,2
"93",4,0,1,0,1.36013193091999,1.02861363185956,4
"94",4,0,1,0,1.36013193091999,1.02861363185956,4
"95",4,0,1,0,1.36013193091999,1.02861363185956,2
"96",4,0,1,0,1.36013193091999,1.02861363185956,4
"97",4,0,1,0,1.36013193091999,1.02861363185956,2
"98",4,0,1,0,1.36013193091999,1.02861363185956,3
"99",4,0,1,0,1.36013193091999,1.02861363185956,3
"100",4,0,1,0,1.36013193091999,1.02861363185956,4
"101",4,0,1,0,1.36013193091999,1.02861363185956,3
"102",4,0,1,0,1.36013193091999,1.02861363185956,4
"103",4,0,1,0,1.36013193091999,1.02861363185956,3
"104",4,0,1,0,1.36013193091999,1.02861363185956,3
"105",4,0,1,0,1.36013193091999,1.02861363185956,3
"106",4,0,1,0,1.36013193091999,1.02861363185956,3
"107",4,0,1,0,1.36013193091999,1.02861363185956,3
"108",4,0,1,0,1.36013193091999,1.02861363185956,3
"109",4,0,1,0,1.36013193091999,1.02861363185956,3
"110",4,0,1,0,1.36013193091999,1.02861363185956,3
"111",4,0,1,0,1.36013193091999,1.02861363185956,2
"112",4,0,1,0,1.36013193091999,1.02861363185956,2
"113",4,0,1,0,1.36013193091999,1.02861363185956,3
"114",4,0,1,0,1.36013193091999,1.02861363185956,3
"115",4,0,1,0,1.36013193091999,1.02861363185956,3
"116",4,0,1,0,1.36013193091999,1.02861363185956,3
"117",4,0,1,0,1.36013193091999,1.02861363185956,2
"118",4,0,1,0,1.36013193091999,1.02861363185956,2
"119",4,0,1,0,1.36013193091999,1.02861363185956,3
"120",4,0,1,0,1.36013193091999,1.02861363185956,3
"121",5,0,1,1,1.36013193091999,1.02861363185956,2
"122",5,0,1,1,1.36013193091999,1.02861363185956,4
"123",5,0,1,1,1.36013193091999,1.02861363185956,4
"124",5,0,1,1,1.36013193091999,1.02861363185956,4
"125",5,0,1,1,1.36013193091999,1.02861363185956,2
"126",5,0,1,1,1.36013193091999,1.02861363185956,3
"127",5,0,1,1,1.36013193091999,1.02861363185956,2
"128",5,0,1,1,1.36013193091999,1.02861363185956,3
"129",5,0,1,1,1.36013193091999,1.02861363185956,3
"130",5,0,1,1,1.36013193091999,1.02861363185956,4
"131",5,0,1,1,1.36013193091999,1.02861363185956,4
"132",5,0,1,1,1.36013193091999,1.02861363185956,3
"133",5,0,1,1,1.36013193091999,1.02861363185956,4
"134",5,0,1,1,1.36013193091999,1.02861363185956,4
"135",5,0,1,1,1.36013193091999,1.02861363185956,4
"136",5,0,1,1,1.36013193091999,1.02861363185956,3
"137",5,0,1,1,1.36013193091999,1.02861363185956,3
"138",5,0,1,1,1.36013193091999,1.02861363185956,4
"139",5,0,1,1,1.36013193091999,1.02861363185956,3
"140",5,0,1,1,1.36013193091999,1.02861363185956,3
"141",5,0,1,1,1.36013193091999,1.02861363185956,3
"142",5,0,1,1,1.36013193091999,1.02861363185956,3
"143",5,0,1,1,1.36013193091999,1.02861363185956,3
"144",5,0,1,1,1.36013193091999,1.02861363185956,4
"145",5,0,1,1,1.36013193091999,1.02861363185956,4
"146",5,0,1,1,1.36013193091999,1.02861363185956,3
"147",5,0,1,1,1.36013193091999,1.02861363185956,2
"148",5,0,1,1,1.36013193091999,1.02861363185956,2
"149",5,0,1,1,1.36013193091999,1.02861363185956,3
"150",5,0,1,1,1.36013193091999,1.02861363185956,5
"151",6,0,1,2,1.36013193091999,1.02861363185956,2
"152",6,0,1,2,1.36013193091999,1.02861363185956,4
"153",6,0,1,2,1.36013193091999,1.02861363185956,4
"154",6,0,1,2,1.36013193091999,1.02861363185956,4
"155",6,0,1,2,1.36013193091999,1.02861363185956,3
"156",6,0,1,2,1.36013193091999,1.02861363185956,4
"157",6,0,1,2,1.36013193091999,1.02861363185956,2
"158",6,0,1,2,1.36013193091999,1.02861363185956,3
"159",6,0,1,2,1.36013193091999,1.02861363185956,4
"160",6,0,1,2,1.36013193091999,1.02861363185956,4
"161",6,0,1,2,1.36013193091999,1.02861363185956,4
"162",6,0,1,2,1.36013193091999,1.02861363185956,3
"163",6,0,1,2,1.36013193091999,1.02861363185956,4
"164",6,0,1,2,1.36013193091999,1.02861363185956,3
"165",6,0,1,2,1.36013193091999,1.02861363185956,4
"166",6,0,1,2,1.36013193091999,1.02861363185956,4
"167",6,0,1,2,1.36013193091999,1.02861363185956,3
"168",6,0,1,2,1.36013193091999,1.02861363185956,4
"169",6,0,1,2,1.36013193091999,1.02861363185956,4
"170",6,0,1,2,1.36013193091999,1.02861363185956,3
"171",6,0,1,2,1.36013193091999,1.02861363185956,1
"172",6,0,1,2,1.36013193091999,1.02861363185956,3
"173",6,0,1,2,1.36013193091999,1.02861363185956,3
"174",6,0,1,2,1.36013193091999,1.02861363185956,4
"175",6,0,1,2,1.36013193091999,1.02861363185956,4
"176",6,0,1,2,1.36013193091999,1.02861363185956,3
"177",6,0,1,2,1.36013193091999,1.02861363185956,3
"178",6,0,1,2,1.36013193091999,1.02861363185956,2
"179",6,0,1,2,1.36013193091999,1.02861363185956,4
"180",6,0,1,2,1.36013193091999,1.02861363185956,4
"181",7,0,2,0,1.36013193091999,1.02861363185956,4
"182",7,0,2,0,1.36013193091999,1.02861363185956,4
"183",7,0,2,0,1.36013193091999,1.02861363185956,4
"184",7,0,2,0,1.36013193091999,1.02861363185956,4
"185",7,0,2,0,1.36013193091999,1.02861363185956,4
"186",7,0,2,0,1.36013193091999,1.02861363185956,5
"187",7,0,2,0,1.36013193091999,1.02861363185956,3
"188",7,0,2,0,1.36013193091999,1.02861363185956,3
"189",7,0,2,0,1.36013193091999,1.02861363185956,4
"190",7,0,2,0,1.36013193091999,1.02861363185956,4
"191",7,0,2,0,1.36013193091999,1.02861363185956,4
"192",7,0,2,0,1.36013193091999,1.02861363185956,5
"193",7,0,2,0,1.36013193091999,1.02861363185956,4
"194",7,0,2,0,1.36013193091999,1.02861363185956,4
"195",7,0,2,0,1.36013193091999,1.02861363185956,4
"196",7,0,2,0,1.36013193091999,1.02861363185956,3
"197",7,0,2,0,1.36013193091999,1.02861363185956,3
"198",7,0,2,0,1.36013193091999,1.02861363185956,3
"199",7,0,2,0,1.36013193091999,1.02861363185956,4
"200",7,0,2,0,1.36013193091999,1.02861363185956,3
"201",7,0,2,0,1.36013193091999,1.02861363185956,4
"202",7,0,2,0,1.36013193091999,1.02861363185956,4
"203",7,0,2,0,1.36013193091999,1.02861363185956,4
"204",7,0,2,0,1.36013193091999,1.02861363185956,3
"205",7,0,2,0,1.36013193091999,1.02861363185956,3
"206",7,0,2,0,1.36013193091999,1.02861363185956,3
"207",7,0,2,0,1.36013193091999,1.02861363185956,4
"208",7,0,2,0,1.36013193091999,1.02861363185956,5
"209",7,0,2,0,1.36013193091999,1.02861363185956,5
"210",7,0,2,0,1.36013193091999,1.02861363185956,3
"211",8,0,2,1,1.36013193091999,1.02861363185956,5
"212",8,0,2,1,1.36013193091999,1.02861363185956,5
"213",8,0,2,1,1.36013193091999,1.02861363185956,5
"214",8,0,2,1,1.36013193091999,1.02861363185956,5
"215",8,0,2,1,1.36013193091999,1.02861363185956,4
"216",8,0,2,1,1.36013193091999,1.02861363185956,5
"217",8,0,2,1,1.36013193091999,1.02861363185956,5
"218",8,0,2,1,1.36013193091999,1.02861363185956,4
"219",8,0,2,1,1.36013193091999,1.02861363185956,4
"220",8,0,2,1,1.36013193091999,1.02861363185956,5
"221",8,0,2,1,1.36013193091999,1.02861363185956,5
"222",8,0,2,1,1.36013193091999,1.02861363185956,5
"223",8,0,2,1,1.36013193091999,1.02861363185956,4
"224",8,0,2,1,1.36013193091999,1.02861363185956,4
"225",8,0,2,1,1.36013193091999,1.02861363185956,4
"226",8,0,2,1,1.36013193091999,1.02861363185956,4
"227",8,0,2,1,1.36013193091999,1.02861363185956,4
"228",8,0,2,1,1.36013193091999,1.02861363185956,4
"229",8,0,2,1,1.36013193091999,1.02861363185956,5
"230",8,0,2,1,1.36013193091999,1.02861363185956,4
"231",8,0,2,1,1.36013193091999,1.02861363185956,4
"232",8,0,2,1,1.36013193091999,1.02861363185956,5
"233",8,0,2,1,1.36013193091999,1.02861363185956,5
"234",8,0,2,1,1.36013193091999,1.02861363185956,5
"235",8,0,2,1,1.36013193091999,1.02861363185956,4
"236",8,0,2,1,1.36013193091999,1.02861363185956,4
"237",8,0,2,1,1.36013193091999,1.02861363185956,3
"238",8,0,2,1,1.36013193091999,1.02861363185956,4
"239",8,0,2,1,1.36013193091999,1.02861363185956,5
"240",8,0,2,1,1.36013193091999,1.02861363185956,5
"241",9,0,2,2,1.36013193091999,1.02861363185956,4
"242",9,0,2,2,1.36013193091999,1.02861363185956,5
"243",9,0,2,2,1.36013193091999,1.02861363185956,5
"244",9,0,2,2,1.36013193091999,1.02861363185956,5
"245",9,0,2,2,1.36013193091999,1.02861363185956,3
"246",9,0,2,2,1.36013193091999,1.02861363185956,5
"247",9,0,2,2,1.36013193091999,1.02861363185956,3
"248",9,0,2,2,1.36013193091999,1.02861363185956,4
"249",9,0,2,2,1.36013193091999,1.02861363185956,4
"250",9,0,2,2,1.36013193091999,1.02861363185956,5
"251",9,0,2,2,1.36013193091999,1.02861363185956,5
"252",9,0,2,2,1.36013193091999,1.02861363185956,5
"253",9,0,2,2,1.36013193091999,1.02861363185956,5
"254",9,0,2,2,1.36013193091999,1.02861363185956,4
"255",9,0,2,2,1.36013193091999,1.02861363185956,4
"256",9,0,2,2,1.36013193091999,1.02861363185956,5
"257",9,0,2,2,1.36013193091999,1.02861363185956,4
"258",9,0,2,2,1.36013193091999,1.02861363185956,5
"259",9,0,2,2,1.36013193091999,1.02861363185956,3
"260",9,0,2,2,1.36013193091999,1.02861363185956,4
"261",9,0,2,2,1.36013193091999,1.02861363185956,3
"262",9,0,2,2,1.36013193091999,1.02861363185956,5
"263",9,0,2,2,1.36013193091999,1.02861363185956,5
"264",9,0,2,2,1.36013193091999,1.02861363185956,5
"265",9,0,2,2,1.36013193091999,1.02861363185956,5
"266",9,0,2,2,1.36013193091999,1.02861363185956,4
"267",9,0,2,2,1.36013193091999,1.02861363185956,3
"268",9,0,2,2,1.36013193091999,1.02861363185956,3
"269",9,0,2,2,1.36013193091999,1.02861363185956,5
"270",9,0,2,2,1.36013193091999,1.02861363185956,5
"271",10,1,0,0,-1.01275049473217,-1.3537194947789,1
"272",10,1,0,0,-1.01275049473217,-1.3537194947789,1
"273",10,1,0,0,-1.01275049473217,-1.3537194947789,2
"274",10,1,0,0,-1.01275049473217,-1.3537194947789,3
"275",10,1,0,0,-1.01275049473217,-1.3537194947789,1
"276",10,1,0,0,-1.01275049473217,-1.3537194947789,3
"277",10,1,0,0,-1.01275049473217,-1.3537194947789,1
"278",10,1,0,0,-1.01275049473217,-1.3537194947789,2
"279",10,1,0,0,-1.01275049473217,-1.3537194947789,2
"280",10,1,0,0,-1.01275049473217,-1.3537194947789,1
"281",10,1,0,0,-1.01275049473217,-1.3537194947789,2
"282",10,1,0,0,-1.01275049473217,-1.3537194947789,1
"283",10,1,0,0,-1.01275049473217,-1.3537194947789,1
"284",10,1,0,0,-1.01275049473217,-1.3537194947789,2
"285",10,1,0,0,-1.01275049473217,-1.3537194947789,1
"286",10,1,0,0,-1.01275049473217,-1.3537194947789,1
"287",10,1,0,0,-1.01275049473217,-1.3537194947789,1
"288",10,1,0,0,-1.01275049473217,-1.3537194947789,1
"289",10,1,0,0,-1.01275049473217,-1.3537194947789,1
"290",10,1,0,0,-1.01275049473217,-1.3537194947789,1
"291",10,1,0,0,-1.01275049473217,-1.3537194947789,1
"292",10,1,0,0,-1.01275049473217,-1.3537194947789,1
"293",10,1,0,0,-1.01275049473217,-1.3537194947789,1
"294",10,1,0,0,-1.01275049473217,-1.3537194947789,1
"295",10,1,0,0,-1.01275049473217,-1.3537194947789,1
"296",10,1,0,0,-1.01275049473217,-1.3537194947789,2
"297",10,1,0,0,-1.01275049473217,-1.3537194947789,1
"298",10,1,0,0,-1.01275049473217,-1.3537194947789,1
"299",10,1,0,0,-1.01275049473217,-1.3537194947789,1
"300",10,1,0,0,-1.01275049473217,-1.3537194947789,1
"301",11,1,0,1,-1.01275049473217,-1.3537194947789,1
"302",11,1,0,1,-1.01275049473217,-1.3537194947789,1
"303",11,1,0,1,-1.01275049473217,-1.3537194947789,2
"304",11,1,0,1,-1.01275049473217,-1.3537194947789,3
"305",11,1,0,1,-1.01275049473217,-1.3537194947789,1
"306",11,1,0,1,-1.01275049473217,-1.3537194947789,2
"307",11,1,0,1,-1.01275049473217,-1.3537194947789,2
"308",11,1,0,1,-1.01275049473217,-1.3537194947789,2
"309",11,1,0,1,-1.01275049473217,-1.3537194947789,1
"310",11,1,0,1,-1.01275049473217,-1.3537194947789,1
"311",11,1,0,1,-1.01275049473217,-1.3537194947789,2
"312",11,1,0,1,-1.01275049473217,-1.3537194947789,1
"313",11,1,0,1,-1.01275049473217,-1.3537194947789,2
"314",11,1,0,1,-1.01275049473217,-1.3537194947789,3
"315",11,1,0,1,-1.01275049473217,-1.3537194947789,1
"316",11,1,0,1,-1.01275049473217,-1.3537194947789,1
"317",11,1,0,1,-1.01275049473217,-1.3537194947789,2
"318",11,1,0,1,-1.01275049473217,-1.3537194947789,2
"319",11,1,0,1,-1.01275049473217,-1.3537194947789,1
"320",11,1,0,1,-1.01275049473217,-1.3537194947789,2
"321",11,1,0,1,-1.01275049473217,-1.3537194947789,2
"322",11,1,0,1,-1.01275049473217,-1.3537194947789,1
"323",11,1,0,1,-1.01275049473217,-1.3537194947789,1
"324",11,1,0,1,-1.01275049473217,-1.3537194947789,2
"325",11,1,0,1,-1.01275049473217,-1.3537194947789,2
"326",11,1,0,1,-1.01275049473217,-1.3537194947789,1
"327",11,1,0,1,-1.01275049473217,-1.3537194947789,2
"328",11,1,0,1,-1.01275049473217,-1.3537194947789,1
"329",11,1,0,1,-1.01275049473217,-1.3537194947789,1
"330",11,1,0,1,-1.01275049473217,-1.3537194947789,1
"331",12,1,0,2,-1.01275049473217,-1.3537194947789,1
"332",12,1,0,2,-1.01275049473217,-1.3537194947789,1
"333",12,1,0,2,-1.01275049473217,-1.3537194947789,2
"334",12,1,0,2,-1.01275049473217,-1.3537194947789,2
"335",12,1,0,2,-1.01275049473217,-1.3537194947789,2
"336",12,1,0,2,-1.01275049473217,-1.3537194947789,2
"337",12,1,0,2,-1.01275049473217,-1.3537194947789,1
"338",12,1,0,2,-1.01275049473217,-1.3537194947789,2
"339",12,1,0,2,-1.01275049473217,-1.3537194947789,1
"340",12,1,0,2,-1.01275049473217,-1.3537194947789,1
"341",12,1,0,2,-1.01275049473217,-1.3537194947789,1
"342",12,1,0,2,-1.01275049473217,-1.3537194947789,2
"343",12,1,0,2,-1.01275049473217,-1.3537194947789,1
"344",12,1,0,2,-1.01275049473217,-1.3537194947789,2
"345",12,1,0,2,-1.01275049473217,-1.3537194947789,2
"346",12,1,0,2,-1.01275049473217,-1.3537194947789,1
"347",12,1,0,2,-1.01275049473217,-1.3537194947789,2
"348",12,1,0,2,-1.01275049473217,-1.3537194947789,2
"349",12,1,0,2,-1.01275049473217,-1.3537194947789,1
"350",12,1,0,2,-1.01275049473217,-1.3537194947789,2
"351",12,1,0,2,-1.01275049473217,-1.3537194947789,1
"352",12,1,0,2,-1.01275049473217,-1.3537194947789,1
"353",12,1,0,2,-1.01275049473217,-1.3537194947789,1
"354",12,1,0,2,-1.01275049473217,-1.3537194947789,2
"355",12,1,0,2,-1.01275049473217,-1.3537194947789,2
"356",12,1,0,2,-1.01275049473217,-1.3537194947789,1
"357",12,1,0,2,-1.01275049473217,-1.3537194947789,1
"358",12,1,0,2,-1.01275049473217,-1.3537194947789,2
"359",12,1,0,2,-1.01275049473217,-1.3537194947789,2
"360",12,1,0,2,-1.01275049473217,-1.3537194947789,3
"361",13,1,1,0,-1.01275049473217,-1.3537194947789,3
"362",13,1,1,0,-1.01275049473217,-1.3537194947789,3
"363",13,1,1,0,-1.01275049473217,-1.3537194947789,3
"364",13,1,1,0,-1.01275049473217,-1.3537194947789,4
"365",13,1,1,0,-1.01275049473217,-1.3537194947789,2
"366",13,1,1,0,-1.01275049473217,-1.3537194947789,4
"367",13,1,1,0,-1.01275049473217,-1.3537194947789,3
"368",13,1,1,0,-1.01275049473217,-1.3537194947789,3
"369",13,1,1,0,-1.01275049473217,-1.3537194947789,3
"370",13,1,1,0,-1.01275049473217,-1.3537194947789,4
"371",13,1,1,0,-1.01275049473217,-1.3537194947789,3
"372",13,1,1,0,-1.01275049473217,-1.3537194947789,4
"373",13,1,1,0,-1.01275049473217,-1.3537194947789,4
"374",13,1,1,0,-1.01275049473217,-1.3537194947789,4
"375",13,1,1,0,-1.01275049473217,-1.3537194947789,3
"376",13,1,1,0,-1.01275049473217,-1.3537194947789,3
"377",13,1,1,0,-1.01275049473217,-1.3537194947789,3
"378",13,1,1,0,-1.01275049473217,-1.3537194947789,4
"379",13,1,1,0,-1.01275049473217,-1.3537194947789,3
"380",13,1,1,0,-1.01275049473217,-1.3537194947789,3
"381",13,1,1,0,-1.01275049473217,-1.3537194947789,2
"382",13,1,1,0,-1.01275049473217,-1.3537194947789,3
"383",13,1,1,0,-1.01275049473217,-1.3537194947789,4
"384",13,1,1,0,-1.01275049473217,-1.3537194947789,3
"385",13,1,1,0,-1.01275049473217,-1.3537194947789,3
"386",13,1,1,0,-1.01275049473217,-1.3537194947789,4
"387",13,1,1,0,-1.01275049473217,-1.3537194947789,2
"388",13,1,1,0,-1.01275049473217,-1.3537194947789,3
"389",13,1,1,0,-1.01275049473217,-1.3537194947789,3
"390",13,1,1,0,-1.01275049473217,-1.3537194947789,3
"391",14,1,1,1,-1.01275049473217,-1.3537194947789,3
"392",14,1,1,1,-1.01275049473217,-1.3537194947789,3
"393",14,1,1,1,-1.01275049473217,-1.3537194947789,3
"394",14,1,1,1,-1.01275049473217,-1.3537194947789,5
"395",14,1,1,1,-1.01275049473217,-1.3537194947789,3
"396",14,1,1,1,-1.01275049473217,-1.3537194947789,3
"397",14,1,1,1,-1.01275049473217,-1.3537194947789,3
"398",14,1,1,1,-1.01275049473217,-1.3537194947789,3
"399",14,1,1,1,-1.01275049473217,-1.3537194947789,3
"400",14,1,1,1,-1.01275049473217,-1.3537194947789,4
"401",14,1,1,1,-1.01275049473217,-1.3537194947789,4
"402",14,1,1,1,-1.01275049473217,-1.3537194947789,4
"403",14,1,1,1,-1.01275049473217,-1.3537194947789,4
"404",14,1,1,1,-1.01275049473217,-1.3537194947789,4
"405",14,1,1,1,-1.01275049473217,-1.3537194947789,3
"406",14,1,1,1,-1.01275049473217,-1.3537194947789,3
"407",14,1,1,1,-1.01275049473217,-1.3537194947789,2
"408",14,1,1,1,-1.01275049473217,-1.3537194947789,3
"409",14,1,1,1,-1.01275049473217,-1.3537194947789,3
"410",14,1,1,1,-1.01275049473217,-1.3537194947789,3
"411",14,1,1,1,-1.01275049473217,-1.3537194947789,2
"412",14,1,1,1,-1.01275049473217,-1.3537194947789,3
"413",14,1,1,1,-1.01275049473217,-1.3537194947789,4
"414",14,1,1,1,-1.01275049473217,-1.3537194947789,3
"415",14,1,1,1,-1.01275049473217,-1.3537194947789,4
"416",14,1,1,1,-1.01275049473217,-1.3537194947789,3
"417",14,1,1,1,-1.01275049473217,-1.3537194947789,3
"418",14,1,1,1,-1.01275049473217,-1.3537194947789,4
"419",14,1,1,1,-1.01275049473217,-1.3537194947789,4
"420",14,1,1,1,-1.01275049473217,-1.3537194947789,5
"421",15,1,1,2,-1.01275049473217,-1.3537194947789,3
"422",15,1,1,2,-1.01275049473217,-1.3537194947789,3
"423",15,1,1,2,-1.01275049473217,-1.3537194947789,4
"424",15,1,1,2,-1.01275049473217,-1.3537194947789,4
"425",15,1,1,2,-1.01275049473217,-1.3537194947789,3
"426",15,1,1,2,-1.01275049473217,-1.3537194947789,4
"427",15,1,1,2,-1.01275049473217,-1.3537194947789,3
"428",15,1,1,2,-1.01275049473217,-1.3537194947789,3
"429",15,1,1,2,-1.01275049473217,-1.3537194947789,3
"430",15,1,1,2,-1.01275049473217,-1.3537194947789,3
"431",15,1,1,2,-1.01275049473217,-1.3537194947789,4
"432",15,1,1,2,-1.01275049473217,-1.3537194947789,3
"433",15,1,1,2,-1.01275049473217,-1.3537194947789,4
"434",15,1,1,2,-1.01275049473217,-1.3537194947789,3
"435",15,1,1,2,-1.01275049473217,-1.3537194947789,4
"436",15,1,1,2,-1.01275049473217,-1.3537194947789,4
"437",15,1,1,2,-1.01275049473217,-1.3537194947789,3
"438",15,1,1,2,-1.01275049473217,-1.3537194947789,4
"439",15,1,1,2,-1.01275049473217,-1.3537194947789,3
"440",15,1,1,2,-1.01275049473217,-1.3537194947789,3
"441",15,1,1,2,-1.01275049473217,-1.3537194947789,2
"442",15,1,1,2,-1.01275049473217,-1.3537194947789,3
"443",15,1,1,2,-1.01275049473217,-1.3537194947789,4
"444",15,1,1,2,-1.01275049473217,-1.3537194947789,4
"445",15,1,1,2,-1.01275049473217,-1.3537194947789,4
"446",15,1,1,2,-1.01275049473217,-1.3537194947789,3
"447",15,1,1,2,-1.01275049473217,-1.3537194947789,3
"448",15,1,1,2,-1.01275049473217,-1.3537194947789,3
"449",15,1,1,2,-1.01275049473217,-1.3537194947789,4
"450",15,1,1,2,-1.01275049473217,-1.3537194947789,3
"451",16,1,2,0,-1.01275049473217,-1.3537194947789,4
"452",16,1,2,0,-1.01275049473217,-1.3537194947789,3
"453",16,1,2,0,-1.01275049473217,-1.3537194947789,4
"454",16,1,2,0,-1.01275049473217,-1.3537194947789,4
"455",16,1,2,0,-1.01275049473217,-1.3537194947789,4
"456",16,1,2,0,-1.01275049473217,-1.3537194947789,5
"457",16,1,2,0,-1.01275049473217,-1.3537194947789,4
"458",16,1,2,0,-1.01275049473217,-1.3537194947789,3
"459",16,1,2,0,-1.01275049473217,-1.3537194947789,3
"460",16,1,2,0,-1.01275049473217,-1.3537194947789,4
"461",16,1,2,0,-1.01275049473217,-1.3537194947789,3
"462",16,1,2,0,-1.01275049473217,-1.3537194947789,4
"463",16,1,2,0,-1.01275049473217,-1.3537194947789,3
"464",16,1,2,0,-1.01275049473217,-1.3537194947789,4
"465",16,1,2,0,-1.01275049473217,-1.3537194947789,3
"466",16,1,2,0,-1.01275049473217,-1.3537194947789,3
"467",16,1,2,0,-1.01275049473217,-1.3537194947789,3
"468",16,1,2,0,-1.01275049473217,-1.3537194947789,3
"469",16,1,2,0,-1.01275049473217,-1.3537194947789,4
"470",16,1,2,0,-1.01275049473217,-1.3537194947789,3
"471",16,1,2,0,-1.01275049473217,-1.3537194947789,3
"472",16,1,2,0,-1.01275049473217,-1.3537194947789,4
"473",16,1,2,0,-1.01275049473217,-1.3537194947789,4
"474",16,1,2,0,-1.01275049473217,-1.3537194947789,3
"475",16,1,2,0,-1.01275049473217,-1.3537194947789,3
"476",16,1,2,0,-1.01275049473217,-1.3537194947789,4
"477",16,1,2,0,-1.01275049473217,-1.3537194947789,4
"478",16,1,2,0,-1.01275049473217,-1.3537194947789,4
"479",16,1,2,0,-1.01275049473217,-1.3537194947789,4
"480",16,1,2,0,-1.01275049473217,-1.3537194947789,3
"481",17,1,2,1,-1.01275049473217,-1.3537194947789,2
"482",17,1,2,1,-1.01275049473217,-1.3537194947789,4
"483",17,1,2,1,-1.01275049473217,-1.3537194947789,4
"484",17,1,2,1,-1.01275049473217,-1.3537194947789,4
"485",17,1,2,1,-1.01275049473217,-1.3537194947789,4
"486",17,1,2,1,-1.01275049473217,-1.3537194947789,4
"487",17,1,2,1,-1.01275049473217,-1.3537194947789,3
"488",17,1,2,1,-1.01275049473217,-1.3537194947789,3
"489",17,1,2,1,-1.01275049473217,-1.3537194947789,3
"490",17,1,2,1,-1.01275049473217,-1.3537194947789,4
"491",17,1,2,1,-1.01275049473217,-1.3537194947789,4
"492",17,1,2,1,-1.01275049473217,-1.3537194947789,4
"493",17,1,2,1,-1.01275049473217,-1.3537194947789,5
"494",17,1,2,1,-1.01275049473217,-1.3537194947789,4
"495",17,1,2,1,-1.01275049473217,-1.3537194947789,3
"496",17,1,2,1,-1.01275049473217,-1.3537194947789,4
"497",17,1,2,1,-1.01275049473217,-1.3537194947789,3
"498",17,1,2,1,-1.01275049473217,-1.3537194947789,4
"499",17,1,2,1,-1.01275049473217,-1.3537194947789,3
"500",17,1,2,1,-1.01275049473217,-1.3537194947789,3
"501",17,1,2,1,-1.01275049473217,-1.3537194947789,2
"502",17,1,2,1,-1.01275049473217,-1.3537194947789,4
"503",17,1,2,1,-1.01275049473217,-1.3537194947789,3
"504",17,1,2,1,-1.01275049473217,-1.3537194947789,5
"505",17,1,2,1,-1.01275049473217,-1.3537194947789,4
"506",17,1,2,1,-1.01275049473217,-1.3537194947789,3
"507",17,1,2,1,-1.01275049473217,-1.3537194947789,3
"508",17,1,2,1,-1.01275049473217,-1.3537194947789,4
"509",17,1,2,1,-1.01275049473217,-1.3537194947789,4
"510",17,1,2,1,-1.01275049473217,-1.3537194947789,4
"511",18,1,2,2,-1.01275049473217,-1.3537194947789,4
"512",18,1,2,2,-1.01275049473217,-1.3537194947789,5
"513",18,1,2,2,-1.01275049473217,-1.3537194947789,4
"514",18,1,2,2,-1.01275049473217,-1.3537194947789,5
"515",18,1,2,2,-1.01275049473217,-1.3537194947789,4
"516",18,1,2,2,-1.01275049473217,-1.3537194947789,5
"517",18,1,2,2,-1.01275049473217,-1.3537194947789,4
"518",18,1,2,2,-1.01275049473217,-1.3537194947789,3
"519",18,1,2,2,-1.01275049473217,-1.3537194947789,4
"520",18,1,2,2,-1.01275049473217,-1.3537194947789,4
"521",18,1,2,2,-1.01275049473217,-1.3537194947789,5
"522",18,1,2,2,-1.01275049473217,-1.3537194947789,4
"523",18,1,2,2,-1.01275049473217,-1.3537194947789,5
"524",18,1,2,2,-1.01275049473217,-1.3537194947789,4
"525",18,1,2,2,-1.01275049473217,-1.3537194947789,4
"526",18,1,2,2,-1.01275049473217,-1.3537194947789,4
"527",18,1,2,2,-1.01275049473217,-1.3537194947789,4
"528",18,1,2,2,-1.01275049473217,-1.3537194947789,4
"529",18,1,2,2,-1.01275049473217,-1.3537194947789,2
"530",18,1,2,2,-1.01275049473217,-1.3537194947789,4
"531",18,1,2,2,-1.01275049473217,-1.3537194947789,4
"532",18,1,2,2,-1.01275049473217,-1.3537194947789,4
"533",18,1,2,2,-1.01275049473217,-1.3537194947789,5
"534",18,1,2,2,-1.01275049473217,-1.3537194947789,4
"535",18,1,2,2,-1.01275049473217,-1.3537194947789,5
"536",18,1,2,2,-1.01275049473217,-1.3537194947789,3
"537",18,1,2,2,-1.01275049473217,-1.3537194947789,4
"538",18,1,2,2,-1.01275049473217,-1.3537194947789,4
"539",18,1,2,2,-1.01275049473217,-1.3537194947789,4
"540",18,1,2,2,-1.01275049473217,-1.3537194947789,5
"541",19,2,0,0,-0.347381436187816,0.325105862919343,1
"542",19,2,0,0,-0.347381436187816,0.325105862919343,1
"543",19,2,0,0,-0.347381436187816,0.325105862919343,3
"544",19,2,0,0,-0.347381436187816,0.325105862919343,2
"545",19,2,0,0,-0.347381436187816,0.325105862919343,2
"546",19,2,0,0,-0.347381436187816,0.325105862919343,3
"547",19,2,0,0,-0.347381436187816,0.325105862919343,1
"548",19,2,0,0,-0.347381436187816,0.325105862919343,3
"549",19,2,0,0,-0.347381436187816,0.325105862919343,2
"550",19,2,0,0,-0.347381436187816,0.325105862919343,3
"551",19,2,0,0,-0.347381436187816,0.325105862919343,2
"552",19,2,0,0,-0.347381436187816,0.325105862919343,3
"553",19,2,0,0,-0.347381436187816,0.325105862919343,2
"554",19,2,0,0,-0.347381436187816,0.325105862919343,2
"555",19,2,0,0,-0.347381436187816,0.325105862919343,4
"556",19,2,0,0,-0.347381436187816,0.325105862919343,2
"557",19,2,0,0,-0.347381436187816,0.325105862919343,2
"558",19,2,0,0,-0.347381436187816,0.325105862919343,4
"559",19,2,0,0,-0.347381436187816,0.325105862919343,3
"560",19,2,0,0,-0.347381436187816,0.325105862919343,2
"561",19,2,0,0,-0.347381436187816,0.325105862919343,1
"562",19,2,0,0,-0.347381436187816,0.325105862919343,2
"563",19,2,0,0,-0.347381436187816,0.325105862919343,2
"564",19,2,0,0,-0.347381436187816,0.325105862919343,3
"565",19,2,0,0,-0.347381436187816,0.325105862919343,3
"566",19,2,0,0,-0.347381436187816,0.325105862919343,2
"567",19,2,0,0,-0.347381436187816,0.325105862919343,1
"568",19,2,0,0,-0.347381436187816,0.325105862919343,1
"569",19,2,0,0,-0.347381436187816,0.325105862919343,2
"570",19,2,0,0,-0.347381436187816,0.325105862919343,1
"571",20,2,0,1,-0.347381436187816,0.325105862919343,2
"572",20,2,0,1,-0.347381436187816,0.325105862919343,1
"573",20,2,0,1,-0.347381436187816,0.325105862919343,3
"574",20,2,0,1,-0.347381436187816,0.325105862919343,3
"575",20,2,0,1,-0.347381436187816,0.325105862919343,2
"576",20,2,0,1,-0.347381436187816,0.325105862919343,3
"577",20,2,0,1,-0.347381436187816,0.325105862919343,1
"578",20,2,0,1,-0.347381436187816,0.325105862919343,3
"579",20,2,0,1,-0.347381436187816,0.325105862919343,3
"580",20,2,0,1,-0.347381436187816,0.325105862919343,4
"581",20,2,0,1,-0.347381436187816,0.325105862919343,3
"582",20,2,0,1,-0.347381436187816,0.325105862919343,3
"583",20,2,0,1,-0.347381436187816,0.325105862919343,3
"584",20,2,0,1,-0.347381436187816,0.325105862919343,2
"585",20,2,0,1,-0.347381436187816,0.325105862919343,2
"586",20,2,0,1,-0.347381436187816,0.325105862919343,3
"587",20,2,0,1,-0.347381436187816,0.325105862919343,2
"588",20,2,0,1,-0.347381436187816,0.325105862919343,3
"589",20,2,0,1,-0.347381436187816,0.325105862919343,4
"590",20,2,0,1,-0.347381436187816,0.325105862919343,3
"591",20,2,0,1,-0.347381436187816,0.325105862919343,3
"592",20,2,0,1,-0.347381436187816,0.325105862919343,2
"593",20,2,0,1,-0.347381436187816,0.325105862919343,3
"594",20,2,0,1,-0.347381436187816,0.325105862919343,2
"595",20,2,0,1,-0.347381436187816,0.325105862919343,3
"596",20,2,0,1,-0.347381436187816,0.325105862919343,2
"597",20,2,0,1,-0.347381436187816,0.325105862919343,2
"598",20,2,0,1,-0.347381436187816,0.325105862919343,2
"599",20,2,0,1,-0.347381436187816,0.325105862919343,2
"600",20,2,0,1,-0.347381436187816,0.325105862919343,3
"601",21,2,0,2,-0.347381436187816,0.325105862919343,1
"602",21,2,0,2,-0.347381436187816,0.325105862919343,2
"603",21,2,0,2,-0.347381436187816,0.325105862919343,2
"604",21,2,0,2,-0.347381436187816,0.325105862919343,2
"605",21,2,0,2,-0.347381436187816,0.325105862919343,1
"606",21,2,0,2,-0.347381436187816,0.325105862919343,3
"607",21,2,0,2,-0.347381436187816,0.325105862919343,1
"608",21,2,0,2,-0.347381436187816,0.325105862919343,2
"609",21,2,0,2,-0.347381436187816,0.325105862919343,3
"610",21,2,0,2,-0.347381436187816,0.325105862919343,2
"611",21,2,0,2,-0.347381436187816,0.325105862919343,4
"612",21,2,0,2,-0.347381436187816,0.325105862919343,2
"613",21,2,0,2,-0.347381436187816,0.325105862919343,2
"614",21,2,0,2,-0.347381436187816,0.325105862919343,3
"615",21,2,0,2,-0.347381436187816,0.325105862919343,3
"616",21,2,0,2,-0.347381436187816,0.325105862919343,2
"617",21,2,0,2,-0.347381436187816,0.325105862919343,2
"618",21,2,0,2,-0.347381436187816,0.325105862919343,2
"619",21,2,0,2,-0.347381436187816,0.325105862919343,4
"620",21,2,0,2,-0.347381436187816,0.325105862919343,2
"621",21,2,0,2,-0.347381436187816,0.325105862919343,1
"622",21,2,0,2,-0.347381436187816,0.325105862919343,1
"623",21,2,0,2,-0.347381436187816,0.325105862919343,2
"624",21,2,0,2,-0.347381436187816,0.325105862919343,2
"625",21,2,0,2,-0.347381436187816,0.325105862919343,3
"626",21,2,0,2,-0.347381436187816,0.325105862919343,3
"627",21,2,0,2,-0.347381436187816,0.325105862919343,2
"628",21,2,0,2,-0.347381436187816,0.325105862919343,2
"629",21,2,0,2,-0.347381436187816,0.325105862919343,2
"630",21,2,0,2,-0.347381436187816,0.325105862919343,3
"631",22,2,1,0,-0.347381436187816,0.325105862919343,3
"632",22,2,1,0,-0.347381436187816,0.325105862919343,3
"633",22,2,1,0,-0.347381436187816,0.325105862919343,3
"634",22,2,1,0,-0.347381436187816,0.325105862919343,4
"635",22,2,1,0,-0.347381436187816,0.325105862919343,3
"636",22,2,1,0,-0.347381436187816,0.325105862919343,3
"637",22,2,1,0,-0.347381436187816,0.325105862919343,2
"638",22,2,1,0,-0.347381436187816,0.325105862919343,3
"639",22,2,1,0,-0.347381436187816,0.325105862919343,4
"640",22,2,1,0,-0.347381436187816,0.325105862919343,4
"641",22,2,1,0,-0.347381436187816,0.325105862919343,4
"642",22,2,1,0,-0.347381436187816,0.325105862919343,4
"643",22,2,1,0,-0.347381436187816,0.325105862919343,4
"644",22,2,1,0,-0.347381436187816,0.325105862919343,4
"645",22,2,1,0,-0.347381436187816,0.325105862919343,3
"646",22,2,1,0,-0.347381436187816,0.325105862919343,3
"647",22,2,1,0,-0.347381436187816,0.325105862919343,3
"648",22,2,1,0,-0.347381436187816,0.325105862919343,4
"649",22,2,1,0,-0.347381436187816,0.325105862919343,4
"650",22,2,1,0,-0.347381436187816,0.325105862919343,3
"651",22,2,1,0,-0.347381436187816,0.325105862919343,4
"652",22,2,1,0,-0.347381436187816,0.325105862919343,3
"653",22,2,1,0,-0.347381436187816,0.325105862919343,4
"654",22,2,1,0,-0.347381436187816,0.325105862919343,2
"655",22,2,1,0,-0.347381436187816,0.325105862919343,4
"656",22,2,1,0,-0.347381436187816,0.325105862919343,4
"657",22,2,1,0,-0.347381436187816,0.325105862919343,3
"658",22,2,1,0,-0.347381436187816,0.325105862919343,3
"659",22,2,1,0,-0.347381436187816,0.325105862919343,3
"660",22,2,1,0,-0.347381436187816,0.325105862919343,3
"661",23,2,1,1,-0.347381436187816,0.325105862919343,1
"662",23,2,1,1,-0.347381436187816,0.325105862919343,4
"663",23,2,1,1,-0.347381436187816,0.325105862919343,3
"664",23,2,1,1,-0.347381436187816,0.325105862919343,5
"665",23,2,1,1,-0.347381436187816,0.325105862919343,4
"666",23,2,1,1,-0.347381436187816,0.325105862919343,5
"667",23,2,1,1,-0.347381436187816,0.325105862919343,3
"668",23,2,1,1,-0.347381436187816,0.325105862919343,3
"669",23,2,1,1,-0.347381436187816,0.325105862919343,4
"670",23,2,1,1,-0.347381436187816,0.325105862919343,4
"671",23,2,1,1,-0.347381436187816,0.325105862919343,4
"672",23,2,1,1,-0.347381436187816,0.325105862919343,5
"673",23,2,1,1,-0.347381436187816,0.325105862919343,4
"674",23,2,1,1,-0.347381436187816,0.325105862919343,4
"675",23,2,1,1,-0.347381436187816,0.325105862919343,3
"676",23,2,1,1,-0.347381436187816,0.325105862919343,4
"677",23,2,1,1,-0.347381436187816,0.325105862919343,3
"678",23,2,1,1,-0.347381436187816,0.325105862919343,3
"679",23,2,1,1,-0.347381436187816,0.325105862919343,3
"680",23,2,1,1,-0.347381436187816,0.325105862919343,3
"681",23,2,1,1,-0.347381436187816,0.325105862919343,4
"682",23,2,1,1,-0.347381436187816,0.325105862919343,4
"683",23,2,1,1,-0.347381436187816,0.325105862919343,4
"684",23,2,1,1,-0.347381436187816,0.325105862919343,4
"685",23,2,1,1,-0.347381436187816,0.325105862919343,4
"686",23,2,1,1,-0.347381436187816,0.325105862919343,3
"687",23,2,1,1,-0.347381436187816,0.325105862919343,3
"688",23,2,1,1,-0.347381436187816,0.325105862919343,3
"689",23,2,1,1,-0.347381436187816,0.325105862919343,4
"690",23,2,1,1,-0.347381436187816,0.325105862919343,4
"691",24,2,1,2,-0.347381436187816,0.325105862919343,4
"692",24,2,1,2,-0.347381436187816,0.325105862919343,4
"693",24,2,1,2,-0.347381436187816,0.325105862919343,4
"694",24,2,1,2,-0.347381436187816,0.325105862919343,5
"695",24,2,1,2,-0.347381436187816,0.325105862919343,3
"696",24,2,1,2,-0.347381436187816,0.325105862919343,5
"697",24,2,1,2,-0.347381436187816,0.325105862919343,3
"698",24,2,1,2,-0.347381436187816,0.325105862919343,3
"699",24,2,1,2,-0.347381436187816,0.325105862919343,4
"700",24,2,1,2,-0.347381436187816,0.325105862919343,5
"701",24,2,1,2,-0.347381436187816,0.325105862919343,4
"702",24,2,1,2,-0.347381436187816,0.325105862919343,4
"703",24,2,1,2,-0.347381436187816,0.325105862919343,4
"704",24,2,1,2,-0.347381436187816,0.325105862919343,4
"705",24,2,1,2,-0.347381436187816,0.325105862919343,4
"706",24,2,1,2,-0.347381436187816,0.325105862919343,5
"707",24,2,1,2,-0.347381436187816,0.325105862919343,3
"708",24,2,1,2,-0.347381436187816,0.325105862919343,4
"709",24,2,1,2,-0.347381436187816,0.325105862919343,4
"710",24,2,1,2,-0.347381436187816,0.325105862919343,4
"711",24,2,1,2,-0.347381436187816,0.325105862919343,4
"712",24,2,1,2,-0.347381436187816,0.325105862919343,4
"713",24,2,1,2,-0.347381436187816,0.325105862919343,4
"714",24,2,1,2,-0.347381436187816,0.325105862919343,5
"715",24,2,1,2,-0.347381436187816,0.325105862919343,4
"716",24,2,1,2,-0.347381436187816,0.325105862919343,3
"717",24,2,1,2,-0.347381436187816,0.325105862919343,3
"718",24,2,1,2,-0.347381436187816,0.325105862919343,3
"719",24,2,1,2,-0.347381436187816,0.325105862919343,4
"720",24,2,1,2,-0.347381436187816,0.325105862919343,3
"721",25,2,2,0,-0.347381436187816,0.325105862919343,4
"722",25,2,2,0,-0.347381436187816,0.325105862919343,3
"723",25,2,2,0,-0.347381436187816,0.325105862919343,4
"724",25,2,2,0,-0.347381436187816,0.325105862919343,5
"725",25,2,2,0,-0.347381436187816,0.325105862919343,4
"726",25,2,2,0,-0.347381436187816,0.325105862919343,5
"727",25,2,2,0,-0.347381436187816,0.325105862919343,3
"728",25,2,2,0,-0.347381436187816,0.325105862919343,4
"729",25,2,2,0,-0.347381436187816,0.325105862919343,5
"730",25,2,2,0,-0.347381436187816,0.325105862919343,5
"731",25,2,2,0,-0.347381436187816,0.325105862919343,5
"732",25,2,2,0,-0.347381436187816,0.325105862919343,5
"733",25,2,2,0,-0.347381436187816,0.325105862919343,4
"734",25,2,2,0,-0.347381436187816,0.325105862919343,4
"735",25,2,2,0,-0.347381436187816,0.325105862919343,4
"736",25,2,2,0,-0.347381436187816,0.325105862919343,4
"737",25,2,2,0,-0.347381436187816,0.325105862919343,4
"738",25,2,2,0,-0.347381436187816,0.325105862919343,4
"739",25,2,2,0,-0.347381436187816,0.325105862919343,4
"740",25,2,2,0,-0.347381436187816,0.325105862919343,3
"741",25,2,2,0,-0.347381436187816,0.325105862919343,4
"742",25,2,2,0,-0.347381436187816,0.325105862919343,5
"743",25,2,2,0,-0.347381436187816,0.325105862919343,5
"744",25,2,2,0,-0.347381436187816,0.325105862919343,3
"745",25,2,2,0,-0.347381436187816,0.325105862919343,4
"746",25,2,2,0,-0.347381436187816,0.325105862919343,4
"747",25,2,2,0,-0.347381436187816,0.325105862919343,4
"748",25,2,2,0,-0.347381436187816,0.325105862919343,5
"749",25,2,2,0,-0.347381436187816,0.325105862919343,4
"750",25,2,2,0,-0.347381436187816,0.325105862919343,2
"751",26,2,2,1,-0.347381436187816,0.325105862919343,4
"752",26,2,2,1,-0.347381436187816,0.325105862919343,5
"753",26,2,2,1,-0.347381436187816,0.325105862919343,4
"754",26,2,2,1,-0.347381436187816,0.325105862919343,5
"755",26,2,2,1,-0.347381436187816,0.325105862919343,4
"756",26,2,2,1,-0.347381436187816,0.325105862919343,4
"757",26,2,2,1,-0.347381436187816,0.325105862919343,4
"758",26,2,2,1,-0.347381436187816,0.325105862919343,4
"759",26,2,2,1,-0.347381436187816,0.325105862919343,5
"760",26,2,2,1,-0.347381436187816,0.325105862919343,5
"761",26,2,2,1,-0.347381436187816,0.325105862919343,5
"762",26,2,2,1,-0.347381436187816,0.325105862919343,4
"763",26,2,2,1,-0.347381436187816,0.325105862919343,5
"764",26,2,2,1,-0.347381436187816,0.325105862919343,4
"765",26,2,2,1,-0.347381436187816,0.325105862919343,4
"766",26,2,2,1,-0.347381436187816,0.325105862919343,5
"767",26,2,2,1,-0.347381436187816,0.325105862919343,4
"768",26,2,2,1,-0.347381436187816,0.325105862919343,4
"769",26,2,2,1,-0.347381436187816,0.325105862919343,5
"770",26,2,2,1,-0.347381436187816,0.325105862919343,4
"771",26,2,2,1,-0.347381436187816,0.325105862919343,5
"772",26,2,2,1,-0.347381436187816,0.325105862919343,4
"773",26,2,2,1,-0.347381436187816,0.325105862919343,3
"774",26,2,2,1,-0.347381436187816,0.325105862919343,5
"775",26,2,2,1,-0.347381436187816,0.325105862919343,5
"776",26,2,2,1,-0.347381436187816,0.325105862919343,4
"777",26,2,2,1,-0.347381436187816,0.325105862919343,4
"778",26,2,2,1,-0.347381436187816,0.325105862919343,5
"779",26,2,2,1,-0.347381436187816,0.325105862919343,5
"780",26,2,2,1,-0.347381436187816,0.325105862919343,5
"781",27,2,2,2,-0.347381436187816,0.325105862919343,4
"782",27,2,2,2,-0.347381436187816,0.325105862919343,5
"783",27,2,2,2,-0.347381436187816,0.325105862919343,4
"784",27,2,2,2,-0.347381436187816,0.325105862919343,4
"785",27,2,2,2,-0.347381436187816,0.325105862919343,4
"786",27,2,2,2,-0.347381436187816,0.325105862919343,4
"787",27,2,2,2,-0.347381436187816,0.325105862919343,4
"788",27,2,2,2,-0.347381436187816,0.325105862919343,3
"789",27,2,2,2,-0.347381436187816,0.325105862919343,4
"790",27,2,2,2,-0.347381436187816,0.325105862919343,5
"791",27,2,2,2,-0.347381436187816,0.325105862919343,5
"792",27,2,2,2,-0.347381436187816,0.325105862919343,5
"793",27,2,2,2,-0.347381436187816,0.325105862919343,5
"794",27,2,2,2,-0.347381436187816,0.325105862919343,4
"795",27,2,2,2,-0.347381436187816,0.325105862919343,3
"796",27,2,2,2,-0.347381436187816,0.325105862919343,4
"797",27,2,2,2,-0.347381436187816,0.325105862919343,4
"798",27,2,2,2,-0.347381436187816,0.325105862919343,4
"799",27,2,2,2,-0.347381436187816,0.325105862919343,3
"800",27,2,2,2,-0.347381436187816,0.325105862919343,4
"801",27,2,2,2,-0.347381436187816,0.325105862919343,4
"802",27,2,2,2,-0.347381436187816,0.325105862919343,5
"803",27,2,2,2,-0.347381436187816,0.325105862919343,4
"804",27,2,2,2,-0.347381436187816,0.325105862919343,5
"805",27,2,2,2,-0.347381436187816,0.325105862919343,5
"806",27,2,2,2,-0.347381436187816,0.325105862919343,4
"807",27,2,2,2,-0.347381436187816,0.325105862919343,3
"808",27,2,2,2,-0.347381436187816,0.325105862919343,4
"809",27,2,2,2,-0.347381436187816,0.325105862919343,4
"810",27,2,2,2,-0.347381436187816,0.325105862919343,5
